{"page_type": 0, "page_number": "01.10.10.1", "ol_translation": [-1346.0, -782.0], "ol_scale": 1, "ol_rotation_theta": -0.007689672333135931, "ol_x_pitch": 19.85, "ol_y_pitch": 24.849999999999998}