{"page_type": 0, "page_number": "01.15.11.1", "ol_translation": [-1336.0, -1752.0], "ol_scale": 1, "ol_rotation_theta": -0.019811565529681614, "ol_x_pitch": 19.900000000000002, "ol_y_pitch": 25.250000000000004}