{"page_type": 0, "page_number": "01.10.12.1", "ol_translation": [-968.0, -766.0], "ol_scale": 1, "ol_rotation_theta": -0.0074385426451103525, "ol_x_pitch": 19.85, "ol_y_pitch": 24.849999999999998}