{"page_type": 0, "page_number": "01.10.08.1", "ol_translation": [-1298.0, -794.0], "ol_scale": 1, "ol_rotation_theta": 0.0016702036903980331, "ol_x_pitch": 19.85, "ol_y_pitch": 24.849999999999998}