{"page_type": 0, "page_number": "01.06.01.1", "ol_translation": [-1282.0, -1236.0], "ol_scale": 1, "ol_rotation_theta": 0.011726929387064855, "ol_x_pitch": 19.75, "ol_y_pitch": 24.799999999999997}