{"page_type": 0, "page_number": "01.15.13.1", "ol_translation": [-1370.0, -1192.0], "ol_scale": 1, "ol_rotation_theta": -0.014373639255097583, "ol_x_pitch": 19.75, "ol_y_pitch": 24.749999999999996}