{"page_type": 0, "page_number": "01.15.10.1", "ol_translation": [-1388.0, -794.0], "ol_scale": 1, "ol_rotation_theta": -0.013643676869810564, "ol_x_pitch": 19.900000000000002, "ol_y_pitch": 24.649999999999995}