{"page_type": 0, "page_number": "01.10.06.1", "ol_translation": [-1356.0, -754.0], "ol_scale": 1, "ol_rotation_theta": -0.003354138638472027, "ol_x_pitch": 19.85, "ol_y_pitch": 24.849999999999998}