{"page_type": 0, "page_number": "01.10.15.1", "ol_translation": [-1408.0, -276.0], "ol_scale": 1, "ol_rotation_theta": 0.005638765073163057, "ol_x_pitch": 19.85, "ol_y_pitch": 24.849999999999998}