{"page_type": 0, "page_number": "01.10.07.1", "ol_translation": [-1378.0, -756.0], "ol_scale": 1, "ol_rotation_theta": 0.005070545020510537, "ol_x_pitch": 19.85, "ol_y_pitch": 24.849999999999998}