{"page_type": 0, "page_number": "01.10.05.1", "ol_translation": [-954.0, -1426.0], "ol_scale": 1, "ol_rotation_theta": -0.01063618271760562, "ol_x_pitch": 19.85, "ol_y_pitch": 24.849999999999998}