{"page_type": 0, "page_number": "01.10.22.1", "ol_translation": [-1306.0, -1258.0], "ol_scale": 1, "ol_rotation_theta": -0.023916723155008986, "ol_x_pitch": 19.85, "ol_y_pitch": 24.849999999999998}