{"page_type": 0, "page_number": "01.10.36.1", "ol_translation": [-860.0, -416.0], "ol_scale": 1, "ol_rotation_theta": -0.011324838180884568, "ol_x_pitch": 19.950000000000003, "ol_y_pitch": 24.749999999999996}