{"page_type": 1, "page_number": "01.06.03.1", "ol_translation": [-1648.0, -296.0], "ol_scale": 1, "ol_rotation_theta": -0.012058202128785769, "ol_x_pitch": 19.75, "ol_y_pitch": 24.549999999999994}