{"page_type": 0, "page_number": "01.10.09.1", "ol_translation": [-1296.0, -776.0], "ol_scale": 1, "ol_rotation_theta": -0.011410401968239853, "ol_x_pitch": 19.85, "ol_y_pitch": 24.849999999999998}