{"page_type": 0, "page_number": "01.10.25.1", "ol_translation": [-1384.0, -1208.0], "ol_scale": 1, "ol_rotation_theta": -0.0009672731438762442, "ol_x_pitch": 19.85, "ol_y_pitch": 24.849999999999998}