{"page_type": 0, "page_number": "01.06.02.1", "ol_translation": [-1542.0, -730.0], "ol_scale": 1, "ol_rotation_theta": -0.004685766743591355, "ol_x_pitch": 19.75, "ol_y_pitch": 24.799999999999997}