{"page_type": 0, "page_number": "01.10.30.1", "ol_translation": [-1090.0, -404.0], "ol_scale": 1, "ol_rotation_theta": -0.010717707025694218, "ol_x_pitch": 19.85, "ol_y_pitch": 24.749999999999996}